Daily activity on Sun Aug  3 07:51:36 UTC 2025
Daily activity on Mon Aug  4 06:39:06 UTC 2025
Daily activity on Tue Aug  5 06:34:31 UTC 2025
Daily activity on Wed Aug  6 06:34:46 UTC 2025
Daily activity on Thu Aug  7 06:34:22 UTC 2025
Daily activity on Fri Aug  8 06:34:04 UTC 2025
Daily activity on Sat Aug  9 06:29:47 UTC 2025
Daily activity on Sun Aug 10 06:29:39 UTC 2025
Daily activity on Mon Aug 11 06:33:54 UTC 2025
Daily activity on Tue Aug 12 06:31:31 UTC 2025
Daily activity on Wed Aug 13 06:31:34 UTC 2025
Daily activity on Thu Aug 14 06:31:58 UTC 2025
Daily activity on Fri Aug 15 06:31:10 UTC 2025
Daily activity on Sat Aug 16 06:28:10 UTC 2025
Daily activity on Sun Aug 17 06:29:10 UTC 2025
Daily activity on Mon Aug 18 06:33:50 UTC 2025
Daily activity on Tue Aug 19 06:30:28 UTC 2025
Daily activity on Wed Aug 20 06:30:17 UTC 2025
Daily activity on Thu Aug 21 06:38:55 UTC 2025
Daily activity on Fri Aug 22 06:29:39 UTC 2025
Daily activity on Sat Aug 23 06:26:34 UTC 2025
Daily activity on Sun Aug 24 06:27:54 UTC 2025
Daily activity on Mon Aug 25 06:31:59 UTC 2025
Daily activity on Tue Aug 26 06:30:36 UTC 2025
Daily activity on Wed Aug 27 06:28:05 UTC 2025
Daily activity on Thu Aug 28 06:29:10 UTC 2025
Daily activity on Fri Aug 29 06:28:47 UTC 2025
Daily activity on Sat Aug 30 06:25:22 UTC 2025
Daily activity on Sun Aug 31 06:26:16 UTC 2025
Daily activity on Mon Sep  1 06:31:32 UTC 2025
Daily activity on Tue Sep  2 06:29:53 UTC 2025
Daily activity on Wed Sep  3 06:27:09 UTC 2025
Daily activity on Thu Sep  4 06:27:47 UTC 2025
Daily activity on Fri Sep  5 06:28:13 UTC 2025
Daily activity on Sat Sep  6 06:24:44 UTC 2025
Daily activity on Sun Sep  7 06:25:35 UTC 2025
Daily activity on Mon Sep  8 06:29:58 UTC 2025
Daily activity on Tue Sep  9 06:29:05 UTC 2025
Daily activity on Wed Sep 10 06:28:10 UTC 2025
Daily activity on Thu Sep 11 06:28:32 UTC 2025
Daily activity on Fri Sep 12 06:28:17 UTC 2025
Daily activity on Sat Sep 13 06:24:41 UTC 2025
Daily activity on Sun Sep 14 06:25:35 UTC 2025
Daily activity on Mon Sep 15 06:30:39 UTC 2025
Daily activity on Tue Sep 16 06:28:56 UTC 2025
Daily activity on Wed Sep 17 06:29:07 UTC 2025
Daily activity on Thu Sep 18 06:28:32 UTC 2025
Daily activity on Fri Sep 19 06:28:38 UTC 2025
Daily activity on Sat Sep 20 06:26:14 UTC 2025
Daily activity on Sun Sep 21 06:27:01 UTC 2025
Daily activity on Mon Sep 22 06:30:14 UTC 2025
Daily activity on Tue Sep 23 06:29:09 UTC 2025
Daily activity on Wed Sep 24 06:28:47 UTC 2025
Daily activity on Thu Sep 25 06:29:22 UTC 2025
Daily activity on Fri Sep 26 06:28:23 UTC 2025
Daily activity on Sat Sep 27 06:24:39 UTC 2025
Daily activity on Sun Sep 28 06:26:42 UTC 2025
Daily activity on Mon Sep 29 06:31:08 UTC 2025
Daily activity on Tue Sep 30 06:29:33 UTC 2025
Daily activity on Wed Oct  1 06:29:18 UTC 2025
Daily activity on Thu Oct  2 06:28:15 UTC 2025
Daily activity on Fri Oct  3 06:27:44 UTC 2025
Daily activity on Sat Oct  4 06:25:40 UTC 2025
Daily activity on Sun Oct  5 06:25:45 UTC 2025
Daily activity on Mon Oct  6 06:29:21 UTC 2025
Daily activity on Tue Oct  7 06:28:32 UTC 2025
Daily activity on Wed Oct  8 06:29:31 UTC 2025
Daily activity on Thu Oct  9 06:29:54 UTC 2025
Daily activity on Fri Oct 10 06:29:08 UTC 2025
Daily activity on Sat Oct 11 06:25:33 UTC 2025
Daily activity on Sun Oct 12 06:25:50 UTC 2025
Daily activity on Mon Oct 13 06:30:51 UTC 2025
Daily activity on Tue Oct 14 06:28:56 UTC 2025
Daily activity on Wed Oct 15 06:29:23 UTC 2025
Daily activity on Thu Oct 16 06:29:09 UTC 2025
Daily activity on Fri Oct 17 06:28:29 UTC 2025
Daily activity on Sat Oct 18 06:26:33 UTC 2025
Daily activity on Sun Oct 19 06:27:13 UTC 2025
Daily activity on Mon Oct 20 06:30:28 UTC 2025
Daily activity on Tue Oct 21 06:29:33 UTC 2025
Daily activity on Wed Oct 22 06:30:30 UTC 2025
Daily activity on Thu Oct 23 06:29:36 UTC 2025
Daily activity on Fri Oct 24 06:28:21 UTC 2025
Daily activity on Sat Oct 25 06:26:11 UTC 2025
Daily activity on Sun Oct 26 06:27:28 UTC 2025
Daily activity on Mon Oct 27 06:32:55 UTC 2025
Daily activity on Tue Oct 28 06:30:49 UTC 2025
Daily activity on Wed Oct 29 06:31:16 UTC 2025
Daily activity on Thu Oct 30 06:29:35 UTC 2025
Daily activity on Fri Oct 31 06:30:01 UTC 2025
Daily activity on Sat Nov  1 06:26:46 UTC 2025
Daily activity on Sun Nov  2 06:28:16 UTC 2025
Daily activity on Mon Nov  3 06:31:41 UTC 2025
Daily activity on Tue Nov  4 06:30:41 UTC 2025
Daily activity on Wed Nov  5 06:30:14 UTC 2025
Daily activity on Thu Nov  6 06:30:27 UTC 2025
Daily activity on Fri Nov  7 06:30:11 UTC 2025
Daily activity on Sat Nov  8 06:27:15 UTC 2025
Daily activity on Sun Nov  9 06:27:28 UTC 2025
Daily activity on Mon Nov 10 06:32:58 UTC 2025
Daily activity on Tue Nov 11 06:30:44 UTC 2025
Daily activity on Wed Nov 12 06:31:12 UTC 2025
Daily activity on Thu Nov 13 06:31:33 UTC 2025
Daily activity on Fri Nov 14 06:31:14 UTC 2025
Daily activity on Sat Nov 15 06:27:46 UTC 2025
Daily activity on Sun Nov 16 06:28:48 UTC 2025
